{"low_cutoff": 0.05226110955520738, "high_cutoff": 0.23817270664354037}